-- MySQL dump 10.13  Distrib 8.0.30, for Win64 (x86_64)
--
-- Host: localhost    Database: beingmothers
-- ------------------------------------------------------
-- Server version	8.0.30

/*!40101 SET @OLD_CHARACTER_SET_CLIENT=@@CHARACTER_SET_CLIENT */;
/*!40101 SET @OLD_CHARACTER_SET_RESULTS=@@CHARACTER_SET_RESULTS */;
/*!40101 SET @OLD_COLLATION_CONNECTION=@@COLLATION_CONNECTION */;
/*!50503 SET NAMES utf8mb4 */;
/*!40103 SET @OLD_TIME_ZONE=@@TIME_ZONE */;
/*!40103 SET TIME_ZONE='+00:00' */;
/*!40014 SET @OLD_UNIQUE_CHECKS=@@UNIQUE_CHECKS, UNIQUE_CHECKS=0 */;
/*!40014 SET @OLD_FOREIGN_KEY_CHECKS=@@FOREIGN_KEY_CHECKS, FOREIGN_KEY_CHECKS=0 */;
/*!40101 SET @OLD_SQL_MODE=@@SQL_MODE, SQL_MODE='NO_AUTO_VALUE_ON_ZERO' */;
/*!40111 SET @OLD_SQL_NOTES=@@SQL_NOTES, SQL_NOTES=0 */;

--
-- Table structure for table `country_codes`
--

DROP TABLE IF EXISTS `country_codes`;
/*!40101 SET @saved_cs_client     = @@character_set_client */;
/*!50503 SET character_set_client = utf8mb4 */;
CREATE TABLE `country_codes` (
  `id` bigint unsigned NOT NULL AUTO_INCREMENT,
  `created_at` timestamp NULL DEFAULT NULL,
  `updated_at` timestamp NULL DEFAULT NULL,
  PRIMARY KEY (`id`)
) ENGINE=InnoDB DEFAULT CHARSET=utf8mb4 COLLATE=utf8mb4_unicode_ci;
/*!40101 SET character_set_client = @saved_cs_client */;

--
-- Dumping data for table `country_codes`
--

LOCK TABLES `country_codes` WRITE;
/*!40000 ALTER TABLE `country_codes` DISABLE KEYS */;
/*!40000 ALTER TABLE `country_codes` ENABLE KEYS */;
UNLOCK TABLES;

--
-- Table structure for table `failed_jobs`
--

DROP TABLE IF EXISTS `failed_jobs`;
/*!40101 SET @saved_cs_client     = @@character_set_client */;
/*!50503 SET character_set_client = utf8mb4 */;
CREATE TABLE `failed_jobs` (
  `id` bigint unsigned NOT NULL AUTO_INCREMENT,
  `uuid` varchar(255) COLLATE utf8mb4_unicode_ci NOT NULL,
  `connection` text COLLATE utf8mb4_unicode_ci NOT NULL,
  `queue` text COLLATE utf8mb4_unicode_ci NOT NULL,
  `payload` longtext COLLATE utf8mb4_unicode_ci NOT NULL,
  `exception` longtext COLLATE utf8mb4_unicode_ci NOT NULL,
  `failed_at` timestamp NOT NULL DEFAULT CURRENT_TIMESTAMP,
  PRIMARY KEY (`id`),
  UNIQUE KEY `failed_jobs_uuid_unique` (`uuid`)
) ENGINE=InnoDB DEFAULT CHARSET=utf8mb4 COLLATE=utf8mb4_unicode_ci;
/*!40101 SET character_set_client = @saved_cs_client */;

--
-- Dumping data for table `failed_jobs`
--

LOCK TABLES `failed_jobs` WRITE;
/*!40000 ALTER TABLE `failed_jobs` DISABLE KEYS */;
/*!40000 ALTER TABLE `failed_jobs` ENABLE KEYS */;
UNLOCK TABLES;

--
-- Table structure for table `migrations`
--

DROP TABLE IF EXISTS `migrations`;
/*!40101 SET @saved_cs_client     = @@character_set_client */;
/*!50503 SET character_set_client = utf8mb4 */;
CREATE TABLE `migrations` (
  `id` int unsigned NOT NULL AUTO_INCREMENT,
  `migration` varchar(255) COLLATE utf8mb4_unicode_ci NOT NULL,
  `batch` int NOT NULL,
  PRIMARY KEY (`id`)
) ENGINE=InnoDB AUTO_INCREMENT=21 DEFAULT CHARSET=utf8mb4 COLLATE=utf8mb4_unicode_ci;
/*!40101 SET character_set_client = @saved_cs_client */;

--
-- Dumping data for table `migrations`
--

LOCK TABLES `migrations` WRITE;
/*!40000 ALTER TABLE `migrations` DISABLE KEYS */;
INSERT INTO `migrations` VALUES (1,'2014_10_12_000000_create_users_table',1),(2,'2014_10_12_100000_create_password_reset_tokens_table',1),(3,'2019_08_19_000000_create_failed_jobs_table',1),(4,'2019_12_14_000001_create_personal_access_tokens_table',1),(5,'2025_01_11_100420_create_permission_tables',1),(6,'2025_01_13_110638_create_posts_table',2),(7,'2025_01_14_074428_create_categories_table',3),(8,'2025_01_14_080809_create_pcats_table',4),(9,'2025_01_14_081118_create_product_categories_table',5),(10,'2025_01_14_084900_create_vehicles_table',5),(11,'2025_01_14_110941_create_sub_categories_table',6),(12,'2025_01_14_115206_create_sub_categories_table',7),(13,'2025_01_14_120201_create_products_table',8),(14,'2025_01_14_122408_create_zones_table',9),(15,'2025_01_15_145953_create_managers_table',10),(16,'2025_01_15_161655_create_riders_table',11),(17,'2025_01_16_134829_create_coupons_table',12),(18,'2025_01_16_144427_create_codes_table',13),(19,'2025_01_16_144435_create_country_codes_table',13),(20,'2025_01_16_145228_create_banners_table',14);
/*!40000 ALTER TABLE `migrations` ENABLE KEYS */;
UNLOCK TABLES;

--
-- Table structure for table `model_has_permissions`
--

DROP TABLE IF EXISTS `model_has_permissions`;
/*!40101 SET @saved_cs_client     = @@character_set_client */;
/*!50503 SET character_set_client = utf8mb4 */;
CREATE TABLE `model_has_permissions` (
  `permission_id` bigint unsigned NOT NULL,
  `model_type` varchar(255) COLLATE utf8mb4_unicode_ci NOT NULL,
  `model_id` bigint unsigned NOT NULL,
  PRIMARY KEY (`permission_id`,`model_id`,`model_type`),
  KEY `model_has_permissions_model_id_model_type_index` (`model_id`,`model_type`),
  CONSTRAINT `model_has_permissions_permission_id_foreign` FOREIGN KEY (`permission_id`) REFERENCES `permissions` (`id`) ON DELETE CASCADE
) ENGINE=InnoDB DEFAULT CHARSET=utf8mb4 COLLATE=utf8mb4_unicode_ci;
/*!40101 SET character_set_client = @saved_cs_client */;

--
-- Dumping data for table `model_has_permissions`
--

LOCK TABLES `model_has_permissions` WRITE;
/*!40000 ALTER TABLE `model_has_permissions` DISABLE KEYS */;
/*!40000 ALTER TABLE `model_has_permissions` ENABLE KEYS */;
UNLOCK TABLES;

--
-- Table structure for table `model_has_roles`
--

DROP TABLE IF EXISTS `model_has_roles`;
/*!40101 SET @saved_cs_client     = @@character_set_client */;
/*!50503 SET character_set_client = utf8mb4 */;
CREATE TABLE `model_has_roles` (
  `role_id` bigint unsigned NOT NULL,
  `model_type` varchar(255) COLLATE utf8mb4_unicode_ci NOT NULL,
  `model_id` bigint unsigned NOT NULL,
  PRIMARY KEY (`role_id`,`model_id`,`model_type`),
  KEY `model_has_roles_model_id_model_type_index` (`model_id`,`model_type`),
  CONSTRAINT `model_has_roles_role_id_foreign` FOREIGN KEY (`role_id`) REFERENCES `roles` (`id`) ON DELETE CASCADE
) ENGINE=InnoDB DEFAULT CHARSET=utf8mb4 COLLATE=utf8mb4_unicode_ci;
/*!40101 SET character_set_client = @saved_cs_client */;

--
-- Dumping data for table `model_has_roles`
--

LOCK TABLES `model_has_roles` WRITE;
/*!40000 ALTER TABLE `model_has_roles` DISABLE KEYS */;
INSERT INTO `model_has_roles` VALUES (1,'App\\Models\\User',1),(1,'App\\Models\\User',2),(2,'App\\Models\\User',3),(3,'App\\Models\\User',4);
/*!40000 ALTER TABLE `model_has_roles` ENABLE KEYS */;
UNLOCK TABLES;

--
-- Table structure for table `password_reset_tokens`
--

DROP TABLE IF EXISTS `password_reset_tokens`;
/*!40101 SET @saved_cs_client     = @@character_set_client */;
/*!50503 SET character_set_client = utf8mb4 */;
CREATE TABLE `password_reset_tokens` (
  `email` varchar(255) COLLATE utf8mb4_unicode_ci NOT NULL,
  `token` varchar(255) COLLATE utf8mb4_unicode_ci NOT NULL,
  `created_at` timestamp NULL DEFAULT NULL,
  PRIMARY KEY (`email`)
) ENGINE=InnoDB DEFAULT CHARSET=utf8mb4 COLLATE=utf8mb4_unicode_ci;
/*!40101 SET character_set_client = @saved_cs_client */;

--
-- Dumping data for table `password_reset_tokens`
--

LOCK TABLES `password_reset_tokens` WRITE;
/*!40000 ALTER TABLE `password_reset_tokens` DISABLE KEYS */;
/*!40000 ALTER TABLE `password_reset_tokens` ENABLE KEYS */;
UNLOCK TABLES;

--
-- Table structure for table `permissions`
--

DROP TABLE IF EXISTS `permissions`;
/*!40101 SET @saved_cs_client     = @@character_set_client */;
/*!50503 SET character_set_client = utf8mb4 */;
CREATE TABLE `permissions` (
  `id` bigint unsigned NOT NULL AUTO_INCREMENT,
  `name` varchar(255) COLLATE utf8mb4_unicode_ci NOT NULL,
  `guard_name` varchar(255) COLLATE utf8mb4_unicode_ci NOT NULL,
  `created_at` timestamp NULL DEFAULT NULL,
  `updated_at` timestamp NULL DEFAULT NULL,
  PRIMARY KEY (`id`),
  UNIQUE KEY `permissions_name_guard_name_unique` (`name`,`guard_name`)
) ENGINE=InnoDB AUTO_INCREMENT=17 DEFAULT CHARSET=utf8mb4 COLLATE=utf8mb4_unicode_ci;
/*!40101 SET character_set_client = @saved_cs_client */;

--
-- Dumping data for table `permissions`
--

LOCK TABLES `permissions` WRITE;
/*!40000 ALTER TABLE `permissions` DISABLE KEYS */;
INSERT INTO `permissions` VALUES (1,'View User','web','2025-01-13 03:49:55','2025-01-13 03:49:55'),(2,'Create User','web','2025-01-13 03:50:12','2025-01-13 03:50:12'),(3,'Edit User','web','2025-01-13 03:50:27','2025-01-13 03:50:27'),(4,'Delete User','web','2025-01-13 03:50:40','2025-01-13 03:50:40'),(5,'Create Post','web','2025-01-13 04:38:04','2025-01-13 04:38:04'),(6,'Edit Post','web','2025-01-13 08:16:39','2025-01-13 08:16:39'),(7,'Delete Post','web','2025-01-13 08:16:49','2025-01-13 08:16:49'),(8,'View Post','web','2025-01-13 08:16:59','2025-01-13 08:16:59'),(9,'View Permission','web','2025-01-13 08:17:09','2025-01-13 08:17:09'),(10,'Create Permission','web','2025-01-13 08:17:19','2025-01-13 08:17:19'),(11,'Edit Permission','web','2025-01-13 08:17:27','2025-01-13 08:17:27'),(12,'Delete Permission','web','2025-01-13 08:17:34','2025-01-13 08:17:34'),(13,'View Role','web','2025-01-13 08:17:57','2025-01-13 08:17:57'),(14,'Create Role','web','2025-01-13 08:18:05','2025-01-13 08:18:05'),(15,'Edit Role','web','2025-01-13 08:18:13','2025-01-13 08:18:13'),(16,'Delete Role','web','2025-01-13 08:18:23','2025-01-13 08:18:23');
/*!40000 ALTER TABLE `permissions` ENABLE KEYS */;
UNLOCK TABLES;

--
-- Table structure for table `personal_access_tokens`
--

DROP TABLE IF EXISTS `personal_access_tokens`;
/*!40101 SET @saved_cs_client     = @@character_set_client */;
/*!50503 SET character_set_client = utf8mb4 */;
CREATE TABLE `personal_access_tokens` (
  `id` bigint unsigned NOT NULL AUTO_INCREMENT,
  `tokenable_type` varchar(255) COLLATE utf8mb4_unicode_ci NOT NULL,
  `tokenable_id` bigint unsigned NOT NULL,
  `name` varchar(255) COLLATE utf8mb4_unicode_ci NOT NULL,
  `token` varchar(64) COLLATE utf8mb4_unicode_ci NOT NULL,
  `abilities` text COLLATE utf8mb4_unicode_ci,
  `last_used_at` timestamp NULL DEFAULT NULL,
  `expires_at` timestamp NULL DEFAULT NULL,
  `created_at` timestamp NULL DEFAULT NULL,
  `updated_at` timestamp NULL DEFAULT NULL,
  PRIMARY KEY (`id`),
  UNIQUE KEY `personal_access_tokens_token_unique` (`token`),
  KEY `personal_access_tokens_tokenable_type_tokenable_id_index` (`tokenable_type`,`tokenable_id`)
) ENGINE=InnoDB DEFAULT CHARSET=utf8mb4 COLLATE=utf8mb4_unicode_ci;
/*!40101 SET character_set_client = @saved_cs_client */;

--
-- Dumping data for table `personal_access_tokens`
--

LOCK TABLES `personal_access_tokens` WRITE;
/*!40000 ALTER TABLE `personal_access_tokens` DISABLE KEYS */;
/*!40000 ALTER TABLE `personal_access_tokens` ENABLE KEYS */;
UNLOCK TABLES;

--
-- Table structure for table `posts`
--

DROP TABLE IF EXISTS `posts`;
/*!40101 SET @saved_cs_client     = @@character_set_client */;
/*!50503 SET character_set_client = utf8mb4 */;
CREATE TABLE `posts` (
  `id` bigint unsigned NOT NULL AUTO_INCREMENT,
  `text` varchar(255) COLLATE utf8mb4_unicode_ci NOT NULL,
  `content` text COLLATE utf8mb4_unicode_ci NOT NULL,
  `created_at` timestamp NULL DEFAULT NULL,
  `updated_at` timestamp NULL DEFAULT NULL,
  PRIMARY KEY (`id`)
) ENGINE=InnoDB AUTO_INCREMENT=2 DEFAULT CHARSET=utf8mb4 COLLATE=utf8mb4_unicode_ci;
/*!40101 SET character_set_client = @saved_cs_client */;

--
-- Dumping data for table `posts`
--

LOCK TABLES `posts` WRITE;
/*!40000 ALTER TABLE `posts` DISABLE KEYS */;
INSERT INTO `posts` VALUES (1,'test','test content','2025-01-13 06:01:56','2025-01-13 06:01:56');
/*!40000 ALTER TABLE `posts` ENABLE KEYS */;
UNLOCK TABLES;

--
-- Table structure for table `role_has_permissions`
--

DROP TABLE IF EXISTS `role_has_permissions`;
/*!40101 SET @saved_cs_client     = @@character_set_client */;
/*!50503 SET character_set_client = utf8mb4 */;
CREATE TABLE `role_has_permissions` (
  `permission_id` bigint unsigned NOT NULL,
  `role_id` bigint unsigned NOT NULL,
  PRIMARY KEY (`permission_id`,`role_id`),
  KEY `role_has_permissions_role_id_foreign` (`role_id`),
  CONSTRAINT `role_has_permissions_permission_id_foreign` FOREIGN KEY (`permission_id`) REFERENCES `permissions` (`id`) ON DELETE CASCADE,
  CONSTRAINT `role_has_permissions_role_id_foreign` FOREIGN KEY (`role_id`) REFERENCES `roles` (`id`) ON DELETE CASCADE
) ENGINE=InnoDB DEFAULT CHARSET=utf8mb4 COLLATE=utf8mb4_unicode_ci;
/*!40101 SET character_set_client = @saved_cs_client */;

--
-- Dumping data for table `role_has_permissions`
--

LOCK TABLES `role_has_permissions` WRITE;
/*!40000 ALTER TABLE `role_has_permissions` DISABLE KEYS */;
INSERT INTO `role_has_permissions` VALUES (1,2),(1,3),(3,3),(5,3),(6,3),(8,3);
/*!40000 ALTER TABLE `role_has_permissions` ENABLE KEYS */;
UNLOCK TABLES;

--
-- Table structure for table `roles`
--

DROP TABLE IF EXISTS `roles`;
/*!40101 SET @saved_cs_client     = @@character_set_client */;
/*!50503 SET character_set_client = utf8mb4 */;
CREATE TABLE `roles` (
  `id` bigint unsigned NOT NULL AUTO_INCREMENT,
  `name` varchar(255) COLLATE utf8mb4_unicode_ci NOT NULL,
  `guard_name` varchar(255) COLLATE utf8mb4_unicode_ci NOT NULL,
  `created_at` timestamp NULL DEFAULT NULL,
  `updated_at` timestamp NULL DEFAULT NULL,
  PRIMARY KEY (`id`),
  UNIQUE KEY `roles_name_guard_name_unique` (`name`,`guard_name`)
) ENGINE=InnoDB AUTO_INCREMENT=4 DEFAULT CHARSET=utf8mb4 COLLATE=utf8mb4_unicode_ci;
/*!40101 SET character_set_client = @saved_cs_client */;

--
-- Dumping data for table `roles`
--

LOCK TABLES `roles` WRITE;
/*!40000 ALTER TABLE `roles` DISABLE KEYS */;
INSERT INTO `roles` VALUES (1,'Admin','web','2025-01-13 03:07:27','2025-01-13 03:07:27'),(2,'Writer','web','2025-01-13 03:54:47','2025-01-13 03:54:47'),(3,'Moderator','web','2025-01-13 04:37:37','2025-01-13 04:37:37');
/*!40000 ALTER TABLE `roles` ENABLE KEYS */;
UNLOCK TABLES;

--
-- Table structure for table `tbl_banner`
--

DROP TABLE IF EXISTS `tbl_banner`;
/*!40101 SET @saved_cs_client     = @@character_set_client */;
/*!50503 SET character_set_client = utf8mb4 */;
CREATE TABLE `tbl_banner` (
  `id` bigint unsigned NOT NULL AUTO_INCREMENT,
  `img` text COLLATE utf8mb4_unicode_ci NOT NULL,
  `status` int NOT NULL,
  `created_at` timestamp NULL DEFAULT NULL,
  `updated_at` timestamp NULL DEFAULT NULL,
  PRIMARY KEY (`id`)
) ENGINE=InnoDB AUTO_INCREMENT=2 DEFAULT CHARSET=utf8mb4 COLLATE=utf8mb4_unicode_ci;
/*!40101 SET character_set_client = @saved_cs_client */;

--
-- Dumping data for table `tbl_banner`
--

LOCK TABLES `tbl_banner` WRITE;
/*!40000 ALTER TABLE `tbl_banner` DISABLE KEYS */;
INSERT INTO `tbl_banner` VALUES (1,'01JHQSVB85ZF0WS802QJ7W88TD.svg',1,'2025-01-16 09:26:32','2025-01-16 09:26:32');
/*!40000 ALTER TABLE `tbl_banner` ENABLE KEYS */;
UNLOCK TABLES;

--
-- Table structure for table `tbl_category`
--

DROP TABLE IF EXISTS `tbl_category`;
/*!40101 SET @saved_cs_client     = @@character_set_client */;
/*!50503 SET character_set_client = utf8mb4 */;
CREATE TABLE `tbl_category` (
  `id` bigint unsigned NOT NULL AUTO_INCREMENT,
  `cat_name` text COLLATE utf8mb4_unicode_ci NOT NULL,
  `cat_status` int NOT NULL,
  `cat_img` text COLLATE utf8mb4_unicode_ci NOT NULL,
  `created_at` timestamp NULL DEFAULT NULL,
  `updated_at` timestamp NULL DEFAULT NULL,
  PRIMARY KEY (`id`)
) ENGINE=InnoDB AUTO_INCREMENT=2 DEFAULT CHARSET=utf8mb4 COLLATE=utf8mb4_unicode_ci;
/*!40101 SET character_set_client = @saved_cs_client */;

--
-- Dumping data for table `tbl_category`
--

LOCK TABLES `tbl_category` WRITE;
/*!40000 ALTER TABLE `tbl_category` DISABLE KEYS */;
INSERT INTO `tbl_category` VALUES (1,'test',1,'01JHJ7SBPZVCMFYJP9AWCRM854.svg','2025-01-14 05:34:40','2025-01-14 05:34:40');
/*!40000 ALTER TABLE `tbl_category` ENABLE KEYS */;
UNLOCK TABLES;

--
-- Table structure for table `tbl_code`
--

DROP TABLE IF EXISTS `tbl_code`;
/*!40101 SET @saved_cs_client     = @@character_set_client */;
/*!50503 SET character_set_client = utf8mb4 */;
CREATE TABLE `tbl_code` (
  `id` bigint unsigned NOT NULL AUTO_INCREMENT,
  `ccode` text COLLATE utf8mb4_unicode_ci NOT NULL,
  `status` int NOT NULL,
  `created_at` timestamp NULL DEFAULT NULL,
  `updated_at` timestamp NULL DEFAULT NULL,
  PRIMARY KEY (`id`)
) ENGINE=InnoDB AUTO_INCREMENT=2 DEFAULT CHARSET=utf8mb4 COLLATE=utf8mb4_unicode_ci;
/*!40101 SET character_set_client = @saved_cs_client */;

--
-- Dumping data for table `tbl_code`
--

LOCK TABLES `tbl_code` WRITE;
/*!40000 ALTER TABLE `tbl_code` DISABLE KEYS */;
INSERT INTO `tbl_code` VALUES (1,'+91',1,'2025-01-16 09:19:35','2025-01-16 09:19:35');
/*!40000 ALTER TABLE `tbl_code` ENABLE KEYS */;
UNLOCK TABLES;

--
-- Table structure for table `tbl_manager`
--

DROP TABLE IF EXISTS `tbl_manager`;
/*!40101 SET @saved_cs_client     = @@character_set_client */;
/*!50503 SET character_set_client = utf8mb4 */;
CREATE TABLE `tbl_manager` (
  `id` bigint unsigned NOT NULL AUTO_INCREMENT,
  `name` varchar(255) COLLATE utf8mb4_unicode_ci NOT NULL,
  `img` varchar(255) COLLATE utf8mb4_unicode_ci NOT NULL,
  `status` tinyint(1) NOT NULL,
  `mobile` varchar(255) COLLATE utf8mb4_unicode_ci NOT NULL,
  `email` varchar(255) COLLATE utf8mb4_unicode_ci NOT NULL,
  `password` varchar(255) COLLATE utf8mb4_unicode_ci NOT NULL,
  `zone_id` bigint unsigned NOT NULL,
  `created_at` timestamp NULL DEFAULT NULL,
  `updated_at` timestamp NULL DEFAULT NULL,
  PRIMARY KEY (`id`),
  UNIQUE KEY `tbl_manager_email_unique` (`email`),
  KEY `tbl_manager_zone_id_foreign` (`zone_id`),
  CONSTRAINT `tbl_manager_zone_id_foreign` FOREIGN KEY (`zone_id`) REFERENCES `zones` (`id`) ON DELETE CASCADE
) ENGINE=InnoDB AUTO_INCREMENT=2 DEFAULT CHARSET=utf8mb4 COLLATE=utf8mb4_unicode_ci;
/*!40101 SET character_set_client = @saved_cs_client */;

--
-- Dumping data for table `tbl_manager`
--

LOCK TABLES `tbl_manager` WRITE;
/*!40000 ALTER TABLE `tbl_manager` DISABLE KEYS */;
INSERT INTO `tbl_manager` VALUES (1,'test manager','01JHN9H98ZSPM3960PKRGT75BQ.svg',1,'9999999999','manager@example.com','password',1,'2025-01-15 10:02:56','2025-01-15 10:02:56');
/*!40000 ALTER TABLE `tbl_manager` ENABLE KEYS */;
UNLOCK TABLES;

--
-- Table structure for table `tbl_pcat`
--

DROP TABLE IF EXISTS `tbl_pcat`;
/*!40101 SET @saved_cs_client     = @@character_set_client */;
/*!50503 SET character_set_client = utf8mb4 */;
CREATE TABLE `tbl_pcat` (
  `id` bigint unsigned NOT NULL AUTO_INCREMENT,
  `title` text COLLATE utf8mb4_unicode_ci NOT NULL,
  `status` int NOT NULL,
  `created_at` timestamp NULL DEFAULT NULL,
  `updated_at` timestamp NULL DEFAULT NULL,
  PRIMARY KEY (`id`)
) ENGINE=InnoDB AUTO_INCREMENT=3 DEFAULT CHARSET=utf8mb4 COLLATE=utf8mb4_unicode_ci;
/*!40101 SET character_set_client = @saved_cs_client */;

--
-- Dumping data for table `tbl_pcat`
--

LOCK TABLES `tbl_pcat` WRITE;
/*!40000 ALTER TABLE `tbl_pcat` DISABLE KEYS */;
INSERT INTO `tbl_pcat` VALUES (1,'test',1,'2025-01-14 03:20:39','2025-01-14 03:20:39'),(2,'test 123',1,'2025-01-14 06:26:47','2025-01-14 06:26:47');
/*!40000 ALTER TABLE `tbl_pcat` ENABLE KEYS */;
UNLOCK TABLES;

--
-- Table structure for table `tbl_product`
--

DROP TABLE IF EXISTS `tbl_product`;
/*!40101 SET @saved_cs_client     = @@character_set_client */;
/*!50503 SET character_set_client = utf8mb4 */;
CREATE TABLE `tbl_product` (
  `id` bigint unsigned NOT NULL AUTO_INCREMENT,
  `cat_id` bigint unsigned NOT NULL,
  `subcat_id` bigint unsigned NOT NULL,
  `title` text COLLATE utf8mb4_unicode_ci NOT NULL,
  `price` double(8,2) NOT NULL,
  `status` int NOT NULL,
  `created_at` timestamp NULL DEFAULT NULL,
  `updated_at` timestamp NULL DEFAULT NULL,
  PRIMARY KEY (`id`),
  KEY `tbl_product_cat_id_foreign` (`cat_id`),
  KEY `tbl_product_subcat_id_foreign` (`subcat_id`),
  CONSTRAINT `tbl_product_cat_id_foreign` FOREIGN KEY (`cat_id`) REFERENCES `tbl_pcat` (`id`) ON DELETE CASCADE,
  CONSTRAINT `tbl_product_subcat_id_foreign` FOREIGN KEY (`subcat_id`) REFERENCES `tbl_subcat` (`id`) ON DELETE CASCADE
) ENGINE=InnoDB AUTO_INCREMENT=2 DEFAULT CHARSET=utf8mb4 COLLATE=utf8mb4_unicode_ci;
/*!40101 SET character_set_client = @saved_cs_client */;

--
-- Dumping data for table `tbl_product`
--

LOCK TABLES `tbl_product` WRITE;
/*!40000 ALTER TABLE `tbl_product` DISABLE KEYS */;
INSERT INTO `tbl_product` VALUES (1,2,1,'first product',1000.00,1,'2025-01-14 06:45:21','2025-01-14 06:45:21');
/*!40000 ALTER TABLE `tbl_product` ENABLE KEYS */;
UNLOCK TABLES;

--
-- Table structure for table `tbl_rider`
--

DROP TABLE IF EXISTS `tbl_rider`;
/*!40101 SET @saved_cs_client     = @@character_set_client */;
/*!50503 SET character_set_client = utf8mb4 */;
CREATE TABLE `tbl_rider` (
  `id` bigint unsigned NOT NULL AUTO_INCREMENT,
  `title` text COLLATE utf8mb4_unicode_ci NOT NULL,
  `rimg` text COLLATE utf8mb4_unicode_ci NOT NULL,
  `status` int NOT NULL,
  `rate` double(8,2) NOT NULL,
  `lcode` varchar(255) COLLATE utf8mb4_unicode_ci DEFAULT NULL,
  `full_address` text COLLATE utf8mb4_unicode_ci NOT NULL,
  `pincode` varchar(255) COLLATE utf8mb4_unicode_ci NOT NULL,
  `landmark` text COLLATE utf8mb4_unicode_ci NOT NULL,
  `commission` double(8,2) NOT NULL,
  `bank_name` text COLLATE utf8mb4_unicode_ci NOT NULL,
  `ifsc` text COLLATE utf8mb4_unicode_ci NOT NULL,
  `receipt_name` text COLLATE utf8mb4_unicode_ci NOT NULL,
  `acc_number` text COLLATE utf8mb4_unicode_ci NOT NULL,
  `paypal_id` text COLLATE utf8mb4_unicode_ci NOT NULL,
  `upi_id` text COLLATE utf8mb4_unicode_ci NOT NULL,
  `email` text COLLATE utf8mb4_unicode_ci NOT NULL,
  `password` text COLLATE utf8mb4_unicode_ci NOT NULL,
  `rstatus` int NOT NULL DEFAULT '1',
  `mobile` varchar(255) COLLATE utf8mb4_unicode_ci NOT NULL,
  `accept` int NOT NULL DEFAULT '0',
  `reject` int NOT NULL DEFAULT '0',
  `complete` int NOT NULL DEFAULT '0',
  `dzone` bigint unsigned NOT NULL,
  `vehiid` bigint unsigned NOT NULL,
  `created_at` timestamp NULL DEFAULT NULL,
  `updated_at` timestamp NULL DEFAULT NULL,
  PRIMARY KEY (`id`),
  KEY `tbl_rider_dzone_foreign` (`dzone`),
  KEY `tbl_rider_vehiid_foreign` (`vehiid`),
  CONSTRAINT `tbl_rider_dzone_foreign` FOREIGN KEY (`dzone`) REFERENCES `zones` (`id`) ON DELETE CASCADE,
  CONSTRAINT `tbl_rider_vehiid_foreign` FOREIGN KEY (`vehiid`) REFERENCES `tbl_vehicle` (`id`) ON DELETE CASCADE
) ENGINE=InnoDB DEFAULT CHARSET=utf8mb4 COLLATE=utf8mb4_unicode_ci;
/*!40101 SET character_set_client = @saved_cs_client */;

--
-- Dumping data for table `tbl_rider`
--

LOCK TABLES `tbl_rider` WRITE;
/*!40000 ALTER TABLE `tbl_rider` DISABLE KEYS */;
/*!40000 ALTER TABLE `tbl_rider` ENABLE KEYS */;
UNLOCK TABLES;

--
-- Table structure for table `tbl_scoupon`
--

DROP TABLE IF EXISTS `tbl_scoupon`;
/*!40101 SET @saved_cs_client     = @@character_set_client */;
/*!50503 SET character_set_client = utf8mb4 */;
CREATE TABLE `tbl_scoupon` (
  `id` bigint unsigned NOT NULL AUTO_INCREMENT,
  `c_img` text COLLATE utf8mb4_unicode_ci NOT NULL,
  `cdate` date NOT NULL,
  `c_desc` text COLLATE utf8mb4_unicode_ci NOT NULL,
  `c_value` text COLLATE utf8mb4_unicode_ci NOT NULL,
  `c_title` text COLLATE utf8mb4_unicode_ci NOT NULL,
  `status` int NOT NULL DEFAULT '1',
  `ctitle` text COLLATE utf8mb4_unicode_ci NOT NULL,
  `min_amt` int NOT NULL,
  `subtitle` text COLLATE utf8mb4_unicode_ci NOT NULL,
  `created_at` timestamp NULL DEFAULT NULL,
  `updated_at` timestamp NULL DEFAULT NULL,
  PRIMARY KEY (`id`)
) ENGINE=InnoDB AUTO_INCREMENT=2 DEFAULT CHARSET=utf8mb4 COLLATE=utf8mb4_unicode_ci;
/*!40101 SET character_set_client = @saved_cs_client */;

--
-- Dumping data for table `tbl_scoupon`
--

LOCK TABLES `tbl_scoupon` WRITE;
/*!40000 ALTER TABLE `tbl_scoupon` DISABLE KEYS */;
INSERT INTO `tbl_scoupon` VALUES (1,'01JHQQ2QD5AV6P377D9C9TGYRP.svg','2025-01-17','test','123412','test',1,'asfasdf',10,'test','2025-01-16 08:38:08','2025-01-16 08:38:08');
/*!40000 ALTER TABLE `tbl_scoupon` ENABLE KEYS */;
UNLOCK TABLES;

--
-- Table structure for table `tbl_subcat`
--

DROP TABLE IF EXISTS `tbl_subcat`;
/*!40101 SET @saved_cs_client     = @@character_set_client */;
/*!50503 SET character_set_client = utf8mb4 */;
CREATE TABLE `tbl_subcat` (
  `id` bigint unsigned NOT NULL AUTO_INCREMENT,
  `cat_id` bigint unsigned NOT NULL,
  `title` text COLLATE utf8mb4_unicode_ci NOT NULL,
  `status` int NOT NULL,
  `created_at` timestamp NULL DEFAULT NULL,
  `updated_at` timestamp NULL DEFAULT NULL,
  PRIMARY KEY (`id`),
  KEY `tbl_subcat_cat_id_foreign` (`cat_id`),
  CONSTRAINT `tbl_subcat_cat_id_foreign` FOREIGN KEY (`cat_id`) REFERENCES `tbl_pcat` (`id`) ON DELETE CASCADE
) ENGINE=InnoDB AUTO_INCREMENT=2 DEFAULT CHARSET=utf8mb4 COLLATE=utf8mb4_unicode_ci;
/*!40101 SET character_set_client = @saved_cs_client */;

--
-- Dumping data for table `tbl_subcat`
--

LOCK TABLES `tbl_subcat` WRITE;
/*!40000 ALTER TABLE `tbl_subcat` DISABLE KEYS */;
INSERT INTO `tbl_subcat` VALUES (1,2,'test sub cat',1,'2025-01-14 06:28:10','2025-01-14 06:28:10');
/*!40000 ALTER TABLE `tbl_subcat` ENABLE KEYS */;
UNLOCK TABLES;

--
-- Table structure for table `tbl_vehicle`
--

DROP TABLE IF EXISTS `tbl_vehicle`;
/*!40101 SET @saved_cs_client     = @@character_set_client */;
/*!50503 SET character_set_client = utf8mb4 */;
CREATE TABLE `tbl_vehicle` (
  `id` bigint unsigned NOT NULL AUTO_INCREMENT,
  `title` text COLLATE utf8mb4_unicode_ci NOT NULL,
  `img` text COLLATE utf8mb4_unicode_ci NOT NULL,
  `status` int NOT NULL,
  `description` text COLLATE utf8mb4_unicode_ci NOT NULL,
  `ukms` int NOT NULL,
  `uprice` int NOT NULL,
  `aprice` int NOT NULL,
  `capcity` text COLLATE utf8mb4_unicode_ci NOT NULL,
  `size` text COLLATE utf8mb4_unicode_ci NOT NULL,
  `ttime` int NOT NULL,
  `created_at` timestamp NULL DEFAULT NULL,
  `updated_at` timestamp NULL DEFAULT NULL,
  PRIMARY KEY (`id`)
) ENGINE=InnoDB AUTO_INCREMENT=3 DEFAULT CHARSET=utf8mb4 COLLATE=utf8mb4_unicode_ci;
/*!40101 SET character_set_client = @saved_cs_client */;

--
-- Dumping data for table `tbl_vehicle`
--

LOCK TABLES `tbl_vehicle` WRITE;
/*!40000 ALTER TABLE `tbl_vehicle` DISABLE KEYS */;
INSERT INTO `tbl_vehicle` VALUES (1,'Twowheerler','images/banner/1732891331.png',1,'<p>test</p>',10,1,10,'4','42',10,NULL,NULL),(2,'test','01JHJ3QWXPQ956GFPK7XGY97M5.svg',1,'zdfad',5,5,5,'10','5',3,'2025-01-14 04:23:58','2025-01-14 04:23:58');
/*!40000 ALTER TABLE `tbl_vehicle` ENABLE KEYS */;
UNLOCK TABLES;

--
-- Table structure for table `users`
--

DROP TABLE IF EXISTS `users`;
/*!40101 SET @saved_cs_client     = @@character_set_client */;
/*!50503 SET character_set_client = utf8mb4 */;
CREATE TABLE `users` (
  `id` bigint unsigned NOT NULL AUTO_INCREMENT,
  `name` varchar(255) COLLATE utf8mb4_unicode_ci NOT NULL,
  `email` varchar(255) COLLATE utf8mb4_unicode_ci NOT NULL,
  `email_verified_at` timestamp NULL DEFAULT NULL,
  `password` varchar(255) COLLATE utf8mb4_unicode_ci NOT NULL,
  `remember_token` varchar(100) COLLATE utf8mb4_unicode_ci DEFAULT NULL,
  `created_at` timestamp NULL DEFAULT NULL,
  `updated_at` timestamp NULL DEFAULT NULL,
  PRIMARY KEY (`id`),
  UNIQUE KEY `users_email_unique` (`email`)
) ENGINE=InnoDB AUTO_INCREMENT=5 DEFAULT CHARSET=utf8mb4 COLLATE=utf8mb4_unicode_ci;
/*!40101 SET character_set_client = @saved_cs_client */;

--
-- Dumping data for table `users`
--

LOCK TABLES `users` WRITE;
/*!40000 ALTER TABLE `users` DISABLE KEYS */;
INSERT INTO `users` VALUES (1,'Admin','admin@example.com','2025-01-13 03:07:27','$2y$10$92IXUNpkjO0rOQ5byMi.Ye4oKoEa3Ro9llC/.og/at2.uheWG/igi','dINrtc2FywDwvWrX7GLBZhHtFO0EhetSwHoR7fQMynXheO0zTfE5YYvHxKav','2025-01-13 03:07:27','2025-01-13 03:07:27'),(2,'Test','test@example.com','2025-01-13 03:07:27','$2y$10$92IXUNpkjO0rOQ5byMi.Ye4oKoEa3Ro9llC/.og/at2.uheWG/igi','neYQDNnr7YrEhSHLVOl0dEychNAcwg93sjHtuMkDe1hYdmzsS0lfRpYw1hw9','2025-01-13 03:07:27','2025-01-13 03:07:27'),(3,'Writer','writer@example.com','2025-01-13 09:26:12','$2y$10$IKeV.2pBNeNMXrYPqFfvpudFHPjI/bpF0RlamhdctxxigdKd9dDTu',NULL,'2025-01-13 03:55:24','2025-01-13 03:55:24'),(4,'Moderator','moderator@example.com','2025-01-13 10:10:35','$2y$10$qAcXGyqnAAVnqHiAOoQHaemZBiPWEptwaLFUJkPMFb6o4dTDbsfE6',NULL,'2025-01-13 04:36:26','2025-01-13 04:46:11');
/*!40000 ALTER TABLE `users` ENABLE KEYS */;
UNLOCK TABLES;

--
-- Table structure for table `zones`
--

DROP TABLE IF EXISTS `zones`;
/*!40101 SET @saved_cs_client     = @@character_set_client */;
/*!50503 SET character_set_client = utf8mb4 */;
CREATE TABLE `zones` (
  `id` bigint unsigned NOT NULL AUTO_INCREMENT,
  `title` text COLLATE utf8mb4_unicode_ci NOT NULL,
  `status` int NOT NULL,
  `coordinates` polygon NOT NULL,
  `alias` text COLLATE utf8mb4_unicode_ci NOT NULL,
  `created_at` timestamp NULL DEFAULT NULL,
  `updated_at` timestamp NULL DEFAULT NULL,
  PRIMARY KEY (`id`)
) ENGINE=InnoDB AUTO_INCREMENT=6 DEFAULT CHARSET=utf8mb4 COLLATE=utf8mb4_unicode_ci;
/*!40101 SET character_set_client = @saved_cs_client */;

--
-- Dumping data for table `zones`
--

LOCK TABLES `zones` WRITE;
/*!40000 ALTER TABLE `zones` DISABLE KEYS */;
INSERT INTO `zones` VALUES (1,'Nanded',1,_binary '\0\0\0\0\0\0\0\0\0\0\0\0\0¥ä°>TS@Hùcf\'3@˜\ä°]3TS@b8Š/3@\Â\ä°ý\ÂQS@\0J*ž(3@\Ä\ä°\ÝhSS@\î\â\Â— 3@£ä°½VS@³\ðƒP{\'3@‹\ä°(TS@A¬Šs/3@¥ä°>TS@Hùcf\'3@','(19.153901063830663, 77.316321776149),(19.1840597521688, 77.31563513064118),(19.158441434215927, 77.27752630495759),(19.127304956989306, 77.30327551150056),(19.154225380145892, 77.34550421023103),(19.185356776243143, 77.31494848513337)',NULL,NULL),(2,'Nanded',1,_binary '\0\0\0\0\0\0\0\0\0\0\0\0\0¥]\ÙPTZS@\r®\Ä\ó\ç8@¥]\ÙP4R@Í¥Ša\×7@¥]\ÙP¤eR@\æM\"¶©</@¥]\ÙP|T@\r-%N C1@¥]\ÙPTZS@\r®\Ä\ó\ç8@','(24.906063320971942, 77.41139622904883),(23.84132430205276, 72.05006810404883),(15.618482295692248, 73.58815404154883),(17.26221168906782, 81.93776341654883)',NULL,NULL),(3,'Test Zone 1',1,_binary '\0\0\0\0\0\0\0\0\0\0\0\0\01|DL‰œS@±Ÿp1@à¢“¥ÖœS@y\æ\å°ûn1@\ö)\ÇdqœS@s€`Žo1@1|DL‰œS@±Ÿp1@','(17.43754,78.44588),(17.433528,78.450601),(17.43406,78.444421)','2025-01-16 16:45:58','2025-01-16 16:45:58'),(4,'Test Zone 2',1,_binary '\0\0\0\0\0\0\0\0\0\0\0\0\0‹qþ& S@…w¹ˆ\ït1@\ÊýE S@2¬\â\Ìs1@JA·—4 S@…¶œKqu1@‹qþ& S@…w¹ˆ\ït1@','(17.45678,78.50123),(17.45234,78.50789),(17.45876,78.50321)','2025-01-16 16:45:58','2025-01-16 16:45:58'),(5,'Test Zone 3',0,_binary '\0\0\0\0\0\0\0\0\0\0\0\0\0Œm§S@¶¹1=a‘1@6\È$#g§S@Ž;¥ƒ\õ1@aq8\ó«§S@Ä±.n£‘1@Œm§S@¶¹1=a‘1@','(17.56789,78.61111),(17.56234,78.61567),(17.56890,78.61987)','2025-01-16 16:45:58','2025-01-16 16:45:58');
/*!40000 ALTER TABLE `zones` ENABLE KEYS */;
UNLOCK TABLES;
/*!40103 SET TIME_ZONE=@OLD_TIME_ZONE */;

/*!40101 SET SQL_MODE=@OLD_SQL_MODE */;
/*!40014 SET FOREIGN_KEY_CHECKS=@OLD_FOREIGN_KEY_CHECKS */;
/*!40014 SET UNIQUE_CHECKS=@OLD_UNIQUE_CHECKS */;
/*!40101 SET CHARACTER_SET_CLIENT=@OLD_CHARACTER_SET_CLIENT */;
/*!40101 SET CHARACTER_SET_RESULTS=@OLD_CHARACTER_SET_RESULTS */;
/*!40101 SET COLLATION_CONNECTION=@OLD_COLLATION_CONNECTION */;
/*!40111 SET SQL_NOTES=@OLD_SQL_NOTES */;

-- Dump completed on 2025-01-17 16:19:05
